{
  "ImportJsonFile": {
    "MarketSpecs": "/home/dev/hydra/ShareConfig/MarketSpecs.json",
    "FuturesSpecs": "/home/dev/hydra/ShareConfig/FuturesSpecs.json",
    "ServerMap": "/home/dev/hydra/ShareConfig/ServerMap.json",
    "HistTradingSessionMap": "/home/dev/hydra/ShareConfig/HistTradingSessionMap.json"
  },
  "CedarLogger": {
    "AppName": "PolyFit",
    //"LogDir": "/home/mwan/TestLog/"
    "LogDir": "/DataShare/wanman_raw_data/"
  },
  "PersistentState": {
    "Dir": "/home/mwan/TestState/"
  },
  "StockDataServer": {
    "serverAddr": "192.168.0.61:15228",
    "boardcastAddr": "192.168.0.61:15227"
  },
  "FuturesDataServer": {
    "serverAddr": "192.168.0.66:15214",
    "boardcastAddr": "192.168.0.66:15213"
  },
  "Strategy": {
    //Backtest, Livetest, LiveTrading
    //"Mode": "LIVETEST"
    "Mode": "BACKTEST"
  },
  "LiveTrading": {
    "Account": "3098_Futures",
    "BatchID": "mwan_test"
    //"Account": "this_is_a_test"
  },
  //"TranscaLogger": "/DataShare/MWanBTResult/PolyFit",
  "Livetest": {
    "DataRequest": [
      {
        "code": "v1705",
        "Code": "v1705",
        "exchange": "SHFE",
        "type": "FUTURES",
        "Type": "FuturesRawDataAdapter",

        "Frequency": "1min",
        "FileAddress": "/DataShare/FuturesProcessedData/mwan/RAW/",
        "fitStartTime": "10:45:00.000",
        "fitEndTime": "10:50:00.000",
        "Direction": "NEGTIVE"
      }
    ],
    "Setup": {
      "ReplayLength": 40,
      "Streams": [
        "1minData"
      ],
      "15minData": {
        "Type": "RangeDataAdapter",
        "Code": "JD1701.DCE",
        "Frequency": "15min",
        "FileAddress": "/home/yuguess/ProcessFile"
      },
      "1minData": {
        "Type": "RangeDataAdapter",
        "Code": "JD1701.DCE",
        "Frequency": "15min",
        "FileAddress": "/home/yuguess/ProcessFile"
      },
      "DayData": {
        "Type": "DayDataAdapter",
        "Code": "JD1701.DCE",
        "Frequency": "Day",
        "FileAddress": "/home/yuguess/ProcessFile"
      }
    }
  },
  "Backtest": {
    "Streams": [
      "polyRaw"
    ],
    "15minData": {
      "Range": {
        "Start": "20160101",
        "End": "20160901"
      },
      "Type": "RangeDataAdapter",
      "Code": "JD.DCE",
      "Frequency": "15min",
      "FileAddress": "/home/yuguess/ProcessFile"
    },
    "DayData": {
      "Range": {
        "Start": "20160101",
        "End": "20160901"
      },
      "Type": "DayDataAdapter",
      "Code": "JD.DCE",
      "Frequency": "Day",
      "FileAddress": "/home/yuguess/ProcessFile"
    },
    "poly": {
      "Range": {
        "Start": "20110418",
        "End": "20160418"
      },
      "Type": "RangeDataAdapter",
      "Code": "l",
      "Frequency": "1min",
      "FileAddress": "/DataShare/FuturesProcessedData/mwan",
      "fitStartTime": "09:30:00.000",
      "fitEndTime": "10:00:00.000",
      "Direction": "NEGTIVE"
    },
    "polyRaw": {
      "Range": {
        "Start": "20110418",
        "End": "20160420"
      },
      "Type": "RangeDataAdapter",
      "Code": "v",
      "Frequency": "1min",
      "FileAddress": "/DataShare/FuturesProcessedData/mwan/",
      "ActiveStart": "09:30:00.000",
      "ActiveEnd": "14:55:00.000",
      "TriggerTime": "14:30:00.000",
      "Direction": "POSITIVE",
      "WindowLength": 120,
      "Interval": 30,
      "DerThreshold0": 0,
      "DerThreshold1": 0
    }
  },
  "MsgHub": {
    "PublishPort": "15223",
    "PullPort": "15224"
  }
}
